Uploaded_variation	Location	Allele	Gene	Feature	Feature_type	Consequence	cDNA_position	CDS_position	Protein_position	Amino_acids	Codons	Existing_variation	IMPACT	DISTANCE	STRAND	FLAGS	VARIANT_CLASS	SYMBOL	SYMBOL_SOURCE	HGNC_ID	BIOTYPE	CANONICAL	MANE	MANE_SELECT	MANE_PLUS_CLINICAL	TSL	APPRIS	CCDS	ENSP	SWISSPROT	TREMBL	UNIPARC	UNIPROT_ISOFORM	GENE_PHENO	SIFT	PolyPhen	EXON	INTRON	DOMAINS	miRNA	HGVSc	HGVSp	HGVS_OFFSET	AF	AFR_AF	AMR_AF	EAS_AF	EUR_AF	SAS_AF	gnomADe_AF	gnomADe_AFR_AF	gnomADe_AMR_AF	gnomADe_ASJ_AF	gnomADe_EAS_AF	gnomADe_FIN_AF	gnomADe_MID_AF	gnomADe_NFE_AF	gnomADe_REMAINING_AF	gnomADe_SAS_AF	gnomADg_AF	gnomADg_AFR_AF	gnomADg_AMI_AF	gnomADg_AMR_AF	gnomADg_ASJ_AF	gnomADg_EAS_AF	gnomADg_FIN_AF	gnomADg_MID_AF	gnomADg_NFE_AF	gnomADg_REMAINING_AF	gnomADg_SAS_AF	MAX_AF	MAX_AF_POPS	CLIN_SIG	SOMATIC	PHENO	PUBMED	MOTIF_NAME	MOTIF_POS	HIGH_INF_POS	MOTIF_SCORE_CHANGE	TRANSCRIPTION_FACTORS
chr17_43124028_T/G	chr17:43124028	G	ENSG00000012048	ENST00000352993	Transcript	missense_variant	188	69	23	E/D	gaG/gaC	CD951600	MODERATE	-	-1	-	SNV	BRCA1	HGNC	HGNC:1100	protein_coding	-	-	-	-	5	-	-	ENSP00000312236	P38398.280	-	UPI000013ECD3	P38398-5	1	deleterious(0)	possibly_damaging(0.771)	2/22	-	Gene3D:3.30.40.10,AFDB-ENSP_mappings:AF-P38398-F1,Phobius:NON_CYTOPLASMIC_DOMAIN,PIRSF:PIRSF001734,Superfamily:SSF57850,CDD:cd16498	-	ENST00000352993.7:c.69G>C	ENSP00000312236.5:p.Glu23Asp	-	-	-	-	-	-	-	-	-	-	-	-	-	-	-	-	-	-	-	-	-	-	-	-	-	-	-	-	-	-	-	-	1	-	-	-	-	-	-
chr17_43124028_T/G	chr17:43124028	G	ENSG00000012048	ENST00000354071	Transcript	non_coding_transcript_exon_variant	133	-	-	-	-	CD951600	MODIFIER	-	-1	-	SNV	BRCA1	HGNC	HGNC:1100	retained_intron	-	-	-	-	1	-	-	-	-	-	-	-	1	-	-	2/10	-	-	-	ENST00000354071.8:n.133G>C	-	-	-	-	-	-	-	-	-	-	-	-	-	-	-	-	-	-	-	-	-	-	-	-	-	-	-	-	-	-	-	-	-	1	-	-	-	-	-	-
chr17_43124028_T/G	chr17:43124028	G	ENSG00000012048	ENST00000357654	Transcript	missense_variant	182	69	23	E/D	gaG/gaC	CD951600	MODERATE	-	-1	-	SNV	BRCA1	HGNC	HGNC:1100	protein_coding	YES	MANE_Select	NM_007294.4	-	1	P4	CCDS11453.1	ENSP00000350283	P38398.280	-	UPI0000126AC8	P38398-1	1	deleterious(0)	possibly_damaging(0.638)	2/23	-	PDB-ENSP_mappings:1jm7.A,Gene3D:3.30.40.10,PDB-ENSP_mappings:7jzv.A,PDB-ENSP_mappings:7lyb.M,PDB-ENSP_mappings:8grq.K,AFDB-ENSP_mappings:AF-P38398-F1,Phobius:NON_CYTOPLASMIC_DOMAIN,PIRSF:PIRSF001734,Superfamily:SSF57850,CDD:cd16498	-	ENST00000357654.9:c.69G>C	ENSP00000350283.3:p.Glu23Asp	-	-	-	-	-	-	-	-	-	-	-	-	-	-	-	-	-	-	-	-	-	-	-	-	-	-	-	-	-	-	-	-	1	-	-	-	-	-	-
chr17_43124028_T/G	chr17:43124028	G	ENSG00000012048	ENST00000461221	Transcript	missense_variant,NMD_transcript_variant	195	69	23	E/D	gaG/gaC	CD951600	MODERATE	-	-1	-	SNV	BRCA1	HGNC	HGNC:1100	nonsense_mediated_decay	-	-	-	-	1	-	-	ENSP00000418548	P38398.280	-	UPI0000145115	P38398-2	1	deleterious_low_confidence(0)	possibly_damaging(0.638)	2/23	-	AFDB-ENSP_mappings:AF-P38398-F1	-	ENST00000461221.5:c.69G>C	ENSP00000418548.1:p.Glu23Asp	-	-	-	-	-	-	-	-	-	-	-	-	-	-	-	-	-	-	-	-	-	-	-	-	-	-	-	-	-	-	-	-	1	-	-	-	-	-	-
chr17_43124028_T/G	chr17:43124028	G	ENSG00000012048	ENST00000461574	Transcript	missense_variant	188	69	23	E/D	gaG/gaC	CD951600	MODERATE	-	-1	-	SNV	BRCA1	HGNC	HGNC:1100	protein_coding	-	-	-	-	2	A2	-	ENSP00000417241	-	H0Y850.80	UPI0003EAFBCD	-	1	deleterious(0)	possibly_damaging(0.454)	2/23	-	Gene3D:3.30.40.10,Phobius:NON_CYTOPLASMIC_DOMAIN,PIRSF:PIRSF001734,Superfamily:SSF57850,CDD:cd16498	-	ENST00000461574.2:c.69G>C	ENSP00000417241.2:p.Glu23Asp	-	-	-	-	-	-	-	-	-	-	-	-	-	-	-	-	-	-	-	-	-	-	-	-	-	-	-	-	-	-	-	-	1	-	-	-	-	-	-
chr17_43124028_T/G	chr17:43124028	G	ENSG00000012048	ENST00000461798	Transcript	missense_variant,NMD_transcript_variant	182	69	23	E/D	gaG/gaC	CD951600	MODERATE	-	-1	-	SNV	BRCA1	HGNC	HGNC:1100	nonsense_mediated_decay	-	-	-	-	3	-	-	ENSP00000417988	P38398.280	-	UPI0000145115	P38398-2	1	deleterious_low_confidence(0)	possibly_damaging(0.638)	2/7	-	AFDB-ENSP_mappings:AF-P38398-F1	-	ENST00000461798.5:c.69G>C	ENSP00000417988.1:p.Glu23Asp	-	-	-	-	-	-	-	-	-	-	-	-	-	-	-	-	-	-	-	-	-	-	-	-	-	-	-	-	-	-	-	-	1	-	-	-	-	-	-
chr17_43124028_T/G	chr17:43124028	G	ENSG00000012048	ENST00000468300	Transcript	missense_variant	263	69	23	E/D	gaG/gaC	CD951600	MODERATE	-	-1	-	SNV	BRCA1	HGNC	HGNC:1100	protein_coding	-	-	-	-	1	-	CCDS11455.2	ENSP00000417148	P38398.280	-	UPI000037834E	P38398-6	1	deleterious(0)	probably_damaging(0.974)	2/22	-	Gene3D:3.30.40.10,AFDB-ENSP_mappings:AF-P38398-F1,Phobius:NON_CYTOPLASMIC_DOMAIN,PIRSF:PIRSF001734,Superfamily:SSF57850,CDD:cd16498	-	ENST00000468300.5:c.69G>C	ENSP00000417148.1:p.Glu23Asp	-	-	-	-	-	-	-	-	-	-	-	-	-	-	-	-	-	-	-	-	-	-	-	-	-	-	-	-	-	-	-	-	1	-	-	-	-	-	-
chr17_43124028_T/G	chr17:43124028	G	ENSG00000012048	ENST00000470026	Transcript	missense_variant	250	69	23	E/D	gaG/gaC	CD951600	MODERATE	-	-1	-	SNV	BRCA1	HGNC	HGNC:1100	protein_coding	-	-	-	-	1	P4	CCDS11453.1	ENSP00000419274	P38398.280	E7EWN5.98	UPI0000126AC8	P38398-1	1	deleterious(0)	possibly_damaging(0.638)	2/23	-	PDB-ENSP_mappings:1jm7.A,Gene3D:3.30.40.10,PDB-ENSP_mappings:7jzv.A,PDB-ENSP_mappings:7lyb.M,PDB-ENSP_mappings:8grq.K,AFDB-ENSP_mappings:AF-E7EWN5-F1,AFDB-ENSP_mappings:AF-P38398-F1,Phobius:NON_CYTOPLASMIC_DOMAIN,PIRSF:PIRSF001734,Superfamily:SSF57850,CDD:cd16498	-	ENST00000470026.6:c.69G>C	ENSP00000419274.2:p.Glu23Asp	-	-	-	-	-	-	-	-	-	-	-	-	-	-	-	-	-	-	-	-	-	-	-	-	-	-	-	-	-	-	-	-	1	-	-	-	-	-	-
chr17_43124028_T/G	chr17:43124028	G	ENSG00000012048	ENST00000471181	Transcript	missense_variant	301	69	23	E/D	gaG/gaC	CD951600	MODERATE	-	-1	-	SNV	BRCA1	HGNC	HGNC:1100	protein_coding	-	-	-	-	1	A2	CCDS11456.2	ENSP00000418960	P38398.280	-	UPI0000E0360B	P38398-7	1	deleterious(0)	possibly_damaging(0.856)	2/24	-	Gene3D:3.30.40.10,AFDB-ENSP_mappings:AF-P38398-F1,Phobius:NON_CYTOPLASMIC_DOMAIN,PIRSF:PIRSF001734,Superfamily:SSF57850,CDD:cd16498	-	ENST00000471181.7:c.69G>C	ENSP00000418960.2:p.Glu23Asp	-	-	-	-	-	-	-	-	-	-	-	-	-	-	-	-	-	-	-	-	-	-	-	-	-	-	-	-	-	-	-	-	1	-	-	-	-	-	-
chr17_43124028_T/G	chr17:43124028	G	ENSG00000012048	ENST00000473961	Transcript	missense_variant	182	69	23	E/D	gaG/gaC	CD951600	MODERATE	-	-1	-	SNV	BRCA1	HGNC	HGNC:1100	protein_coding	-	-	-	-	2	A2	-	ENSP00000420201	-	H0Y8D8.81	UPI00202B422C	-	1	deleterious(0)	possibly_damaging(0.738)	2/21	-	Gene3D:3.30.40.10,Phobius:NON_CYTOPLASMIC_DOMAIN,PIRSF:PIRSF001734,Superfamily:SSF57850,CDD:cd16498	-	ENST00000473961.6:c.69G>C	ENSP00000420201.2:p.Glu23Asp	-	-	-	-	-	-	-	-	-	-	-	-	-	-	-	-	-	-	-	-	-	-	-	-	-	-	-	-	-	-	-	-	1	-	-	-	-	-	-
chr17_43124028_T/G	chr17:43124028	G	ENSG00000012048	ENST00000476777	Transcript	missense_variant	178	69	23	E/D	gaG/gaC	CD951600	MODERATE	-	-1	-	SNV	BRCA1	HGNC	HGNC:1100	protein_coding	-	-	-	-	5	A2	-	ENSP00000417554	-	E7EQW4.92	UPI00202A1DAB	-	1	deleterious(0)	possibly_damaging(0.744)	2/23	-	Gene3D:3.30.40.10,AFDB-ENSP_mappings:AF-E7EQW4-F1,Phobius:NON_CYTOPLASMIC_DOMAIN,PIRSF:PIRSF001734,Superfamily:SSF57850,CDD:cd16498	-	ENST00000476777.6:c.69G>C	ENSP00000417554.2:p.Glu23Asp	-	-	-	-	-	-	-	-	-	-	-	-	-	-	-	-	-	-	-	-	-	-	-	-	-	-	-	-	-	-	-	-	1	-	-	-	-	-	-
chr17_43124028_T/G	chr17:43124028	G	ENSG00000012048	ENST00000477152	Transcript	missense_variant	182	69	23	E/D	gaG/gaC	CD951600	MODERATE	-	-1	-	SNV	BRCA1	HGNC	HGNC:1100	protein_coding	-	-	-	-	1	-	-	ENSP00000419988	-	E7ENB7.90	UPI0003E6C4CA	-	1	deleterious(0)	-	2/22	-	Gene3D:3.30.40.10,AFDB-ENSP_mappings:AF-E7ENB7-F1,Phobius:NON_CYTOPLASMIC_DOMAIN,PIRSF:PIRSF001734,PANTHER:PTHR13763,Superfamily:SSF57850	-	ENST00000477152.6:c.69G>C	ENSP00000419988.2:p.Glu23Asp	-	-	-	-	-	-	-	-	-	-	-	-	-	-	-	-	-	-	-	-	-	-	-	-	-	-	-	-	-	-	-	-	1	-	-	-	-	-	-
chr17_43124028_T/G	chr17:43124028	G	ENSG00000012048	ENST00000478531	Transcript	missense_variant	171	69	23	E/D	gaG/gaC	CD951600	MODERATE	-	-1	-	SNV	BRCA1	HGNC	HGNC:1100	protein_coding	-	-	-	-	1	-	-	ENSP00000420412	-	E7EUM2.98	UPI0003EB05DF	-	1	deleterious(0)	benign(0.409)	2/23	-	Gene3D:3.30.40.10,AFDB-ENSP_mappings:AF-E7EUM2-F1,Phobius:NON_CYTOPLASMIC_DOMAIN,PIRSF:PIRSF001734,Superfamily:SSF57850,CDD:cd16498	-	ENST00000478531.6:c.69G>C	ENSP00000420412.2:p.Glu23Asp	-	-	-	-	-	-	-	-	-	-	-	-	-	-	-	-	-	-	-	-	-	-	-	-	-	-	-	-	-	-	-	-	1	-	-	-	-	-	-
chr17_43124028_T/G	chr17:43124028	G	ENSG00000012048	ENST00000484087	Transcript	missense_variant	161	69	23	E/D	gaG/gaC	CD951600	MODERATE	-	-1	-	SNV	BRCA1	HGNC	HGNC:1100	protein_coding	-	-	-	-	5	-	-	ENSP00000419481	-	H0Y8B8.85	UPI0020B05D7D	-	1	deleterious(0)	possibly_damaging(0.608)	2/21	-	Gene3D:3.30.40.10,AFDB-ENSP_mappings:AF-H0Y8B8-F1,Phobius:NON_CYTOPLASMIC_DOMAIN,PIRSF:PIRSF001734,Superfamily:SSF57850,CDD:cd16498	-	ENST00000484087.6:c.69G>C	ENSP00000419481.2:p.Glu23Asp	-	-	-	-	-	-	-	-	-	-	-	-	-	-	-	-	-	-	-	-	-	-	-	-	-	-	-	-	-	-	-	-	1	-	-	-	-	-	-
chr17_43124028_T/G	chr17:43124028	G	ENSG00000012048	ENST00000489037	Transcript	missense_variant	228	69	23	E/D	gaG/gaC	CD951600	MODERATE	-	-1	-	SNV	BRCA1	HGNC	HGNC:1100	protein_coding	-	-	-	-	4	-	-	ENSP00000420781	-	E7ENB7.90	UPI0003E6C4CA	-	1	deleterious(0)	-	2/22	-	Gene3D:3.30.40.10,AFDB-ENSP_mappings:AF-E7ENB7-F1,Phobius:NON_CYTOPLASMIC_DOMAIN,PIRSF:PIRSF001734,PANTHER:PTHR13763,Superfamily:SSF57850	-	ENST00000489037.2:c.69G>C	ENSP00000420781.2:p.Glu23Asp	-	-	-	-	-	-	-	-	-	-	-	-	-	-	-	-	-	-	-	-	-	-	-	-	-	-	-	-	-	-	-	-	1	-	-	-	-	-	-
chr17_43124028_T/G	chr17:43124028	G	ENSG00000012048	ENST00000491747	Transcript	missense_variant	168	69	23	E/D	gaG/gaC	CD951600	MODERATE	-	-1	-	SNV	BRCA1	HGNC	HGNC:1100	protein_coding	-	-	-	-	5	-	CCDS11454.2	ENSP00000420705	P38398.280	-	UPI000013C85E	P38398-3	1	deleterious(0)	benign(0.242)	2/23	-	Gene3D:3.30.40.10,AFDB-ENSP_mappings:AF-P38398-F1,Phobius:NON_CYTOPLASMIC_DOMAIN,PIRSF:PIRSF001734,Superfamily:SSF57850,CDD:cd16498	-	ENST00000491747.6:c.69G>C	ENSP00000420705.2:p.Glu23Asp	-	-	-	-	-	-	-	-	-	-	-	-	-	-	-	-	-	-	-	-	-	-	-	-	-	-	-	-	-	-	-	-	1	-	-	-	-	-	-
chr17_43124028_T/G	chr17:43124028	G	ENSG00000012048	ENST00000492859	Transcript	missense_variant,NMD_transcript_variant	118	69	23	E/D	gaG/gaC	CD951600	MODERATE	-	-1	-	SNV	BRCA1	HGNC	HGNC:1100	nonsense_mediated_decay	-	-	-	-	1	-	-	ENSP00000420253	-	E9PC22.83	UPI0000160BFA	-	1	deleterious_low_confidence(0)	benign(0.224)	2/11	-	AFDB-ENSP_mappings:AF-E9PC22-F1	-	ENST00000492859.5:c.69G>C	ENSP00000420253.1:p.Glu23Asp	-	-	-	-	-	-	-	-	-	-	-	-	-	-	-	-	-	-	-	-	-	-	-	-	-	-	-	-	-	-	-	-	1	-	-	-	-	-	-
chr17_43124028_T/G	chr17:43124028	G	ENSG00000012048	ENST00000493795	Transcript	5_prime_UTR_variant	214	-	-	-	-	CD951600	MODIFIER	-	-1	-	SNV	BRCA1	HGNC	HGNC:1100	protein_coding	-	-	-	-	5	-	CCDS11459.2	ENSP00000418775	P38398.280	A0A9Y1QQK3.8	UPI000013C860	P38398-8	1	-	-	2/22	-	-	-	ENST00000493795.5:c.-19G>C	-	-	-	-	-	-	-	-	-	-	-	-	-	-	-	-	-	-	-	-	-	-	-	-	-	-	-	-	-	-	-	-	-	1	-	-	-	-	-	-
chr17_43124028_T/G	chr17:43124028	G	ENSG00000012048	ENST00000493919	Transcript	5_prime_UTR_variant	214	-	-	-	-	CD951600	MODIFIER	-	-1	-	SNV	BRCA1	HGNC	HGNC:1100	protein_coding	-	-	-	-	2	-	-	ENSP00000418819	-	A0A9Y1QPT7.8	UPI002044D4B3	-	1	-	-	2/22	-	-	-	ENST00000493919.6:c.-19G>C	-	-	-	-	-	-	-	-	-	-	-	-	-	-	-	-	-	-	-	-	-	-	-	-	-	-	-	-	-	-	-	-	-	1	-	-	-	-	-	-
chr17_43124028_T/G	chr17:43124028	G	ENSG00000012048	ENST00000494123	Transcript	missense_variant	262	69	23	E/D	gaG/gaC	CD951600	MODERATE	-	-1	-	SNV	BRCA1	HGNC	HGNC:1100	protein_coding	-	-	-	-	1	P4	CCDS11453.1	ENSP00000419103	P38398.280	Q3B891.146	UPI0000126AC8	P38398-1	1	deleterious(0)	possibly_damaging(0.638)	2/23	-	PDB-ENSP_mappings:1jm7.A,Gene3D:3.30.40.10,PDB-ENSP_mappings:7jzv.A,PDB-ENSP_mappings:7lyb.M,PDB-ENSP_mappings:8grq.K,AFDB-ENSP_mappings:AF-P38398-F1,AFDB-ENSP_mappings:AF-Q3B891-F1,Phobius:NON_CYTOPLASMIC_DOMAIN,PIRSF:PIRSF001734,Superfamily:SSF57850,CDD:cd16498	-	ENST00000494123.6:c.69G>C	ENSP00000419103.2:p.Glu23Asp	-	-	-	-	-	-	-	-	-	-	-	-	-	-	-	-	-	-	-	-	-	-	-	-	-	-	-	-	-	-	-	-	1	-	-	-	-	-	-
chr17_43124028_T/G	chr17:43124028	G	ENSG00000012048	ENST00000497488	Transcript	intron_variant	-	-	-	-	-	CD951600	MODIFIER	-	-1	-	SNV	BRCA1	HGNC	HGNC:1100	protein_coding	-	-	-	-	1	-	-	ENSP00000418986	-	C9IZW4.104	UPI000014170B	-	1	-	-	-	1/14	-	-	ENST00000497488.2:c.-219+1243G>C	-	-	-	-	-	-	-	-	-	-	-	-	-	-	-	-	-	-	-	-	-	-	-	-	-	-	-	-	-	-	-	-	-	1	-	-	-	-	-	-
chr17_43124028_T/G	chr17:43124028	G	ENSG00000012048	ENST00000586385	Transcript	intron_variant	-	-	-	-	-	CD951600	MODIFIER	-	-1	-	SNV	BRCA1	HGNC	HGNC:1100	protein_coding	-	-	-	-	1	-	-	ENSP00000465818	-	C6YB45.97	UPI0001B065E7	-	1	-	-	-	1/7	-	-	ENST00000586385.5:c.4+1154G>C	-	-	-	-	-	-	-	-	-	-	-	-	-	-	-	-	-	-	-	-	-	-	-	-	-	-	-	-	-	-	-	-	-	1	-	-	-	-	-	-
chr17_43124028_T/G	chr17:43124028	G	ENSG00000012048	ENST00000591534	Transcript	intron_variant	-	-	-	-	-	CD951600	MODIFIER	-	-1	-	SNV	BRCA1	HGNC	HGNC:1100	protein_coding	-	-	-	-	1	-	-	ENSP00000467329	-	K7EPC7.84	UPI0002840F63	-	1	-	-	-	1/10	-	-	ENST00000591534.5:c.-44+1243G>C	-	-	-	-	-	-	-	-	-	-	-	-	-	-	-	-	-	-	-	-	-	-	-	-	-	-	-	-	-	-	-	-	-	1	-	-	-	-	-	-
chr17_43124028_T/G	chr17:43124028	G	ENSG00000012048	ENST00000591849	Transcript	intron_variant	-	-	-	-	-	CD951600	MODIFIER	-	-1	-	SNV	BRCA1	HGNC	HGNC:1100	protein_coding	-	-	-	-	1	-	-	ENSP00000465347	-	K7EJW3.74	UPI0002840F64	-	1	-	-	-	1/4	-	-	ENST00000591849.5:c.-99+1243G>C	-	-	-	-	-	-	-	-	-	-	-	-	-	-	-	-	-	-	-	-	-	-	-	-	-	-	-	-	-	-	-	-	-	1	-	-	-	-	-	-
chr17_43124028_T/G	chr17:43124028	G	ENSG00000012048	ENST00000618469	Transcript	missense_variant	716	69	23	E/D	gaG/gaC	CD951600	MODERATE	-	-1	-	SNV	BRCA1	HGNC	HGNC:1100	protein_coding	-	-	-	-	1	P4	CCDS11453.1	ENSP00000478114	P38398.280	G1UI37.72	UPI0000126AC8	P38398-1	1	deleterious(0)	possibly_damaging(0.638)	2/23	-	PDB-ENSP_mappings:1jm7.A,Gene3D:3.30.40.10,PDB-ENSP_mappings:7jzv.A,PDB-ENSP_mappings:7lyb.M,PDB-ENSP_mappings:8grq.K,AFDB-ENSP_mappings:AF-G1UI37-F1,AFDB-ENSP_mappings:AF-P38398-F1,Phobius:NON_CYTOPLASMIC_DOMAIN,PIRSF:PIRSF001734,Superfamily:SSF57850,CDD:cd16498	-	ENST00000618469.2:c.69G>C	ENSP00000478114.2:p.Glu23Asp	-	-	-	-	-	-	-	-	-	-	-	-	-	-	-	-	-	-	-	-	-	-	-	-	-	-	-	-	-	-	-	-	1	-	-	-	-	-	-
chr17_43124028_T/G	chr17:43124028	G	ENSG00000012048	ENST00000634433	Transcript	missense_variant	208	69	23	E/D	gaG/gaC	CD951600	MODERATE	-	-1	-	SNV	BRCA1	HGNC	HGNC:1100	protein_coding	-	-	-	-	5	A2	-	ENSP00000489431	-	A0A0U1RRA9.54	UPI0000141712	-	1	deleterious(0)	possibly_damaging(0.533)	2/21	-	Gene3D:3.30.40.10,AFDB-ENSP_mappings:AF-A0A0U1RRA9-F1,Phobius:NON_CYTOPLASMIC_DOMAIN,PIRSF:PIRSF001734,Superfamily:SSF57850,CDD:cd16498	-	ENST00000634433.2:c.69G>C	ENSP00000489431.2:p.Glu23Asp	-	-	-	-	-	-	-	-	-	-	-	-	-	-	-	-	-	-	-	-	-	-	-	-	-	-	-	-	-	-	-	-	1	-	-	-	-	-	-
chr17_43124028_T/G	chr17:43124028	G	ENSG00000012048	ENST00000642945	Transcript	missense_variant,NMD_transcript_variant	155	69	23	E/D	gaG/gaC	CD951600	MODERATE	-	-1	-	SNV	BRCA1	HGNC	HGNC:1100	nonsense_mediated_decay	-	-	-	-	-	-	-	ENSP00000495897	-	A0A2R8Y6Y9.28	UPI000D18ECC9	-	1	deleterious_low_confidence(0)	benign(0.003)	2/11	-	AFDB-ENSP_mappings:AF-A0A2R8Y6Y9-F1	-	ENST00000642945.1:c.69G>C	ENSP00000495897.1:p.Glu23Asp	-	-	-	-	-	-	-	-	-	-	-	-	-	-	-	-	-	-	-	-	-	-	-	-	-	-	-	-	-	-	-	-	1	-	-	-	-	-	-
chr17_43124028_T/G	chr17:43124028	G	ENSG00000012048	ENST00000644379	Transcript	missense_variant	182	69	23	E/D	gaG/gaC	CD951600	MODERATE	-	-1	-	SNV	BRCA1	HGNC	HGNC:1100	protein_coding	-	-	-	-	-	A2	-	ENSP00000496570	-	A0A2R8Y7V5.34	UPI0001B79083	-	1	deleterious(0)	probably_damaging(0.988)	2/24	-	Gene3D:3.30.40.10,Phobius:NON_CYTOPLASMIC_DOMAIN,PIRSF:PIRSF001734,Superfamily:SSF57850,CDD:cd16498	-	ENST00000644379.2:c.69G>C	ENSP00000496570.2:p.Glu23Asp	-	-	-	-	-	-	-	-	-	-	-	-	-	-	-	-	-	-	-	-	-	-	-	-	-	-	-	-	-	-	-	-	1	-	-	-	-	-	-
chr17_43124028_T/G	chr17:43124028	G	ENSG00000012048	ENST00000644555	Transcript	5_prime_UTR_variant	188	-	-	-	-	CD951600	MODIFIER	-	-1	-	SNV	BRCA1	HGNC	HGNC:1100	protein_coding	-	-	-	-	-	-	-	ENSP00000494614	-	A0A9Y1QPT7.8	UPI002044D4B3	-	1	-	-	2/24	-	-	-	ENST00000644555.2:c.-218G>C	-	-	-	-	-	-	-	-	-	-	-	-	-	-	-	-	-	-	-	-	-	-	-	-	-	-	-	-	-	-	-	-	-	1	-	-	-	-	-	-
chr17_43124028_T/G	chr17:43124028	G	ENSG00000012048	ENST00000652672	Transcript	5_prime_UTR_variant	295	-	-	-	-	CD951600	MODIFIER	-	-1	-	SNV	BRCA1	HGNC	HGNC:1100	protein_coding	-	-	-	-	-	-	CCDS11459.2	ENSP00000498906	P38398.280	A0A494C182.32,A0A9Y1QQK3.8	UPI000013C860	P38398-8	1	-	-	2/24	-	-	-	ENST00000652672.2:c.-192G>C	-	-	-	-	-	-	-	-	-	-	-	-	-	-	-	-	-	-	-	-	-	-	-	-	-	-	-	-	-	-	-	-	-	1	-	-	-	-	-	-
chr17_43124028_T/G	chr17:43124028	G	ENSG00000012048	ENST00000700182	Transcript	missense_variant	161	69	23	E/D	gaG/gaC	CD951600	MODERATE	-	-1	-	SNV	BRCA1	HGNC	HGNC:1100	protein_coding	-	-	-	-	-	-	-	ENSP00000514849	-	A0A8V8TPY7.13	UPI0020B02B1C	-	1	deleterious(0)	probably_damaging(0.969)	2/14	-	Gene3D:3.30.40.10,PIRSF:PIRSF001734,PANTHER:PTHR13763,Superfamily:SSF57850	-	ENST00000700182.1:c.69G>C	ENSP00000514849.1:p.Glu23Asp	-	-	-	-	-	-	-	-	-	-	-	-	-	-	-	-	-	-	-	-	-	-	-	-	-	-	-	-	-	-	-	-	1	-	-	-	-	-	-
chr17_43124028_T/G	chr17:43124028	G	ENSG00000012048	ENST00000700183	Transcript	missense_variant,NMD_transcript_variant	161	69	23	E/D	gaG/gaC	CD951600	MODERATE	-	-1	-	SNV	BRCA1	HGNC	HGNC:1100	nonsense_mediated_decay	-	-	-	-	-	-	-	ENSP00000514850	-	E9PC22.83	UPI0000160BFA	-	1	deleterious_low_confidence(0)	benign(0.224)	2/12	-	AFDB-ENSP_mappings:AF-E9PC22-F1	-	ENST00000700183.1:c.69G>C	ENSP00000514850.1:p.Glu23Asp	-	-	-	-	-	-	-	-	-	-	-	-	-	-	-	-	-	-	-	-	-	-	-	-	-	-	-	-	-	-	-	-	1	-	-	-	-	-	-
chr17_43124028_T/G	chr17:43124028	G	ENSG00000012048	ENST00000700184	Transcript	non_coding_transcript_exon_variant	312	-	-	-	-	CD951600	MODIFIER	-	-1	-	SNV	BRCA1	HGNC	HGNC:1100	retained_intron	-	-	-	-	-	-	-	-	-	-	-	-	1	-	-	1/6	-	-	-	ENST00000700184.1:n.312G>C	-	-	-	-	-	-	-	-	-	-	-	-	-	-	-	-	-	-	-	-	-	-	-	-	-	-	-	-	-	-	-	-	-	1	-	-	-	-	-	-
chr17_43124028_T/G	chr17:43124028	G	ENSG00000012048	ENST00000700185	Transcript	non_coding_transcript_exon_variant	188	-	-	-	-	CD951600	MODIFIER	-	-1	-	SNV	BRCA1	HGNC	HGNC:1100	protein_coding_CDS_not_defined	-	-	-	-	-	-	-	-	-	-	-	-	1	-	-	2/4	-	-	-	ENST00000700185.1:n.188G>C	-	-	-	-	-	-	-	-	-	-	-	-	-	-	-	-	-	-	-	-	-	-	-	-	-	-	-	-	-	-	-	-	-	1	-	-	-	-	-	-
chr17_43124028_T/G	chr17:43124028	G	ENSG00000012048	ENST00000700186	Transcript	non_coding_transcript_exon_variant	188	-	-	-	-	CD951600	MODIFIER	-	-1	-	SNV	BRCA1	HGNC	HGNC:1100	protein_coding_CDS_not_defined	-	-	-	-	-	-	-	-	-	-	-	-	1	-	-	2/3	-	-	-	ENST00000700186.1:n.188G>C	-	-	-	-	-	-	-	-	-	-	-	-	-	-	-	-	-	-	-	-	-	-	-	-	-	-	-	-	-	-	-	-	-	1	-	-	-	-	-	-
chr17_43124028_T/G	chr17:43124028	G	ENSG00000012048	ENST00000713676	Transcript	missense_variant	142	69	23	E/D	gaG/gaC	CD951600	MODERATE	-	-1	-	SNV	BRCA1	HGNC	HGNC:1100	protein_coding	-	-	-	-	-	P4	CCDS11453.1	ENSP00000518978	P38398.280	-	UPI0000126AC8	P38398-1	1	deleterious(0)	possibly_damaging(0.638)	2/23	-	Gene3D:3.30.40.10,Phobius:NON_CYTOPLASMIC_DOMAIN,PIRSF:PIRSF001734,Superfamily:SSF57850,CDD:cd16498	-	ENST00000713676.1:c.69G>C	ENSP00000518978.1:p.Glu23Asp	-	-	-	-	-	-	-	-	-	-	-	-	-	-	-	-	-	-	-	-	-	-	-	-	-	-	-	-	-	-	-	-	1	-	-	-	-	-	-
chr17_43124028_T/G	chr17:43124028	G	ENSG00000012048	ENST00000899954	Transcript	missense_variant	295	69	23	E/D	gaG/gaC	CD951600	MODERATE	-	-1	-	SNV	BRCA1	HGNC	HGNC:1100	protein_coding	-	-	-	-	-	-	-	ENSP00000570013	-	-	UPI0020B05D7D	-	1	deleterious(0)	possibly_damaging(0.608)	2/21	-	Gene3D:3.30.40.10,Phobius:NON_CYTOPLASMIC_DOMAIN,PIRSF:PIRSF001734,Superfamily:SSF57850,CDD:cd16498	-	ENST00000899954.1:c.69G>C	ENSP00000570013.1:p.Glu23Asp	-	-	-	-	-	-	-	-	-	-	-	-	-	-	-	-	-	-	-	-	-	-	-	-	-	-	-	-	-	-	-	-	1	-	-	-	-	-	-
chr17_43124028_T/G	chr17:43124028	G	ENSG00000012048	ENST00000921914	Transcript	missense_variant	294	69	23	E/D	gaG/gaC	CD951600	MODERATE	-	-1	-	SNV	BRCA1	HGNC	HGNC:1100	protein_coding	-	-	-	-	-	-	CCDS11454.2	ENSP00000591973	-	-	UPI000013C85E	-	1	deleterious(0)	benign(0.242)	2/23	-	Gene3D:3.30.40.10,Phobius:NON_CYTOPLASMIC_DOMAIN,PIRSF:PIRSF001734,Superfamily:SSF57850,CDD:cd16498	-	ENST00000921914.1:c.69G>C	ENSP00000591973.1:p.Glu23Asp	-	-	-	-	-	-	-	-	-	-	-	-	-	-	-	-	-	-	-	-	-	-	-	-	-	-	-	-	-	-	-	-	1	-	-	-	-	-	-
chr17_43124028_T/G	chr17:43124028	G	ENSG00000012048	ENST00000921915	Transcript	missense_variant	719	69	23	E/D	gaG/gaC	CD951600	MODERATE	-	-1	-	SNV	BRCA1	HGNC	HGNC:1100	protein_coding	-	-	-	-	-	-	-	ENSP00000591974	-	-	UPI0003EB05DF	-	1	deleterious(0)	benign(0.409)	2/23	-	Gene3D:3.30.40.10,Phobius:NON_CYTOPLASMIC_DOMAIN,PIRSF:PIRSF001734,Superfamily:SSF57850,CDD:cd16498	-	ENST00000921915.1:c.69G>C	ENSP00000591974.1:p.Glu23Asp	-	-	-	-	-	-	-	-	-	-	-	-	-	-	-	-	-	-	-	-	-	-	-	-	-	-	-	-	-	-	-	-	1	-	-	-	-	-	-
chr17_43124028_T/G	chr17:43124028	G	ENSG00000012048	ENST00000921916	Transcript	missense_variant	165	69	23	E/D	gaG/gaC	CD951600	MODERATE	-	-1	-	SNV	BRCA1	HGNC	HGNC:1100	protein_coding	-	-	-	-	-	-	CCDS11454.2	ENSP00000591975	-	-	UPI000013C85E	-	1	deleterious(0)	benign(0.242)	2/23	-	Gene3D:3.30.40.10,Phobius:NON_CYTOPLASMIC_DOMAIN,PIRSF:PIRSF001734,Superfamily:SSF57850,CDD:cd16498	-	ENST00000921916.1:c.69G>C	ENSP00000591975.1:p.Glu23Asp	-	-	-	-	-	-	-	-	-	-	-	-	-	-	-	-	-	-	-	-	-	-	-	-	-	-	-	-	-	-	-	-	1	-	-	-	-	-	-
chr17_43124028_T/G	chr17:43124028	G	ENSG00000012048	ENST00000945268	Transcript	missense_variant	222	69	23	E/D	gaG/gaC	CD951600	MODERATE	-	-1	-	SNV	BRCA1	HGNC	HGNC:1100	protein_coding	-	-	-	-	-	A2	-	ENSP00000615327	-	-	UPI0003EAFBCD	-	1	deleterious(0)	possibly_damaging(0.454)	2/23	-	Gene3D:3.30.40.10,Phobius:NON_CYTOPLASMIC_DOMAIN,PIRSF:PIRSF001734,Superfamily:SSF57850,CDD:cd16498	-	ENST00000945268.1:c.69G>C	ENSP00000615327.1:p.Glu23Asp	-	-	-	-	-	-	-	-	-	-	-	-	-	-	-	-	-	-	-	-	-	-	-	-	-	-	-	-	-	-	-	-	1	-	-	-	-	-	-
chr17_43124028_T/G	chr17:43124028	G	ENSG00000012048	ENST00000945269	Transcript	missense_variant	305	69	23	E/D	gaG/gaC	CD951600	MODERATE	-	-1	-	SNV	BRCA1	HGNC	HGNC:1100	protein_coding	-	-	-	-	-	-	-	ENSP00000615328	-	-	UPI0003EB05DF	-	1	deleterious(0)	benign(0.409)	2/23	-	Gene3D:3.30.40.10,Phobius:NON_CYTOPLASMIC_DOMAIN,PIRSF:PIRSF001734,Superfamily:SSF57850,CDD:cd16498	-	ENST00000945269.1:c.69G>C	ENSP00000615328.1:p.Glu23Asp	-	-	-	-	-	-	-	-	-	-	-	-	-	-	-	-	-	-	-	-	-	-	-	-	-	-	-	-	-	-	-	-	1	-	-	-	-	-	-
chr13_32316461_C/T	chr13:32316461	T	ENSG00000139618	ENST00000380152	Transcript	start_lost	200	1	1	M/L	Atg/Ttg	COSV61525409	HIGH	-	1	-	SNV	BRCA2	HGNC	HGNC:1101	protein_coding	YES	MANE_Select	NM_000059.4	-	5	A2	CCDS9344.1	ENSP00000369497	P51587.247	-	UPI00001FCBCC	-	1	deleterious(0)	benign(0.227)	2/27	-	PIRSF:PIRSF002397	-	ENST00000380152.8:c.1A>T	ENSP00000369497.3:p.Met1?	-	-	-	-	-	-	-	-	-	-	-	-	-	-	-	-	-	-	-	-	-	-	-	-	-	-	-	-	-	-	-	1	1	-	-	-	-	-	-
chr13_32316461_C/T	chr13:32316461	T	ENSG00000139618	ENST00000470094	Transcript	start_lost,NMD_transcript_variant	200	1	1	M/L	Atg/Ttg	COSV61525409	HIGH	-	1	-	SNV	BRCA2	HGNC	HGNC:1101	nonsense_mediated_decay	-	-	-	-	5	-	-	ENSP00000434898	-	H0YE37.56	UPI002645C913	-	1	deleterious(0)	possibly_damaging(0.536)	2/28	-	-	-	ENST00000470094.2:c.1A>T	ENSP00000434898.2:p.Met1?	-	-	-	-	-	-	-	-	-	-	-	-	-	-	-	-	-	-	-	-	-	-	-	-	-	-	-	-	-	-	-	1	1	-	-	-	-	-	-
chr13_32316461_C/T	chr13:32316461	T	ENSG00000139618	ENST00000528762	Transcript	start_lost,NMD_transcript_variant	200	1	1	M/L	Atg/Ttg	COSV61525409	HIGH	-	1	-	SNV	BRCA2	HGNC	HGNC:1101	nonsense_mediated_decay	-	-	-	-	4	-	-	ENSP00000433168	-	H0YD86.65	UPI002644DFBE	-	1	deleterious(0)	possibly_damaging(0.781)	2/28	-	AFDB-ENSP_mappings:AF-H0YD86-F1	-	ENST00000528762.2:c.1A>T	ENSP00000433168.2:p.Met1?	-	-	-	-	-	-	-	-	-	-	-	-	-	-	-	-	-	-	-	-	-	-	-	-	-	-	-	-	-	-	-	1	1	-	-	-	-	-	-
chr13_32316461_C/T	chr13:32316461	T	ENSG00000139618	ENST00000530893	Transcript	5_prime_UTR_variant	203	-	-	-	-	COSV61525409	MODIFIER	-	1	-	SNV	BRCA2	HGNC	HGNC:1101	protein_coding	-	-	-	-	1	P4	-	ENSP00000499438	-	A0A590UJI7.22	UPI002646284E	-	1	-	-	2/27	-	-	-	ENST00000530893.7:c.-365A>T	-	-	-	-	-	-	-	-	-	-	-	-	-	-	-	-	-	-	-	-	-	-	-	-	-	-	-	-	-	-	-	-	1	1	-	-	-	-	-	-
chr13_32316461_C/T	chr13:32316461	T	ENSG00000139618	ENST00000544455	Transcript	start_lost	100	1	1	M/L	Atg/Ttg	COSV61525409	HIGH	-	1	-	SNV	BRCA2	HGNC	HGNC:1101	protein_coding	-	-	-	-	1	A2	CCDS9344.1	ENSP00000439902	P51587.247	-	UPI00001FCBCC	-	1	deleterious(0)	benign(0.227)	2/27	-	PIRSF:PIRSF002397	-	ENST00000544455.6:c.1A>T	ENSP00000439902.1:p.Met1?	-	-	-	-	-	-	-	-	-	-	-	-	-	-	-	-	-	-	-	-	-	-	-	-	-	-	-	-	-	-	-	1	1	-	-	-	-	-	-
chr13_32316461_C/T	chr13:32316461	T	ENSG00000139618	ENST00000614259	Transcript	start_lost,NMD_transcript_variant	1	1	1	M/L	Atg/Ttg	COSV61525409	HIGH	-	1	-	SNV	BRCA2	HGNC	HGNC:1101	nonsense_mediated_decay	-	-	-	-	2	-	-	ENSP00000506251	-	A0A7P0TAP7.18	UPI00194D3080	-	1	deleterious(0)	benign(0.103)	1/26	-	-	-	ENST00000614259.2:c.1A>T	ENSP00000506251.1:p.Met1?	-	-	-	-	-	-	-	-	-	-	-	-	-	-	-	-	-	-	-	-	-	-	-	-	-	-	-	-	-	-	-	1	1	-	-	-	-	-	-
chr13_32316461_C/T	chr13:32316461	T	ENSG00000139618	ENST00000665585	Transcript	start_lost,NMD_transcript_variant	200	1	1	M/L	Atg/Ttg	COSV61525409	HIGH	-	1	-	SNV	BRCA2	HGNC	HGNC:1101	nonsense_mediated_decay	-	-	-	-	-	-	-	ENSP00000499570	-	A0A590UJU6.23	UPI002645B098	-	1	deleterious(0)	possibly_damaging(0.781)	2/29	-	-	-	ENST00000665585.2:c.1A>T	ENSP00000499570.2:p.Met1?	-	-	-	-	-	-	-	-	-	-	-	-	-	-	-	-	-	-	-	-	-	-	-	-	-	-	-	-	-	-	-	1	1	-	-	-	-	-	-
chr13_32316461_C/T	chr13:32316461	T	ENSG00000139618	ENST00000666593	Transcript	start_lost,NMD_transcript_variant	200	1	1	M/L	Atg/Ttg	COSV61525409	HIGH	-	1	-	SNV	BRCA2	HGNC	HGNC:1101	nonsense_mediated_decay	-	-	-	-	-	-	-	ENSP00000499256	-	A0A590UJ24.21	UPI002645182D	-	1	deleterious(0)	possibly_damaging(0.536)	2/26	-	AFDB-ENSP_mappings:AF-A0A590UJ24-F1	-	ENST00000666593.2:c.1A>T	ENSP00000499256.2:p.Met1?	-	-	-	-	-	-	-	-	-	-	-	-	-	-	-	-	-	-	-	-	-	-	-	-	-	-	-	-	-	-	-	1	1	-	-	-	-	-	-
chr13_32316461_C/T	chr13:32316461	T	ENSG00000139618	ENST00000680887	Transcript	start_lost	126	1	1	M/L	Atg/Ttg	COSV61525409	HIGH	-	1	-	SNV	BRCA2	HGNC	HGNC:1101	protein_coding	-	-	-	-	-	A2	CCDS9344.1	ENSP00000505508	P51587.247	A0A7P0T9D7.16	UPI00001FCBCC	-	1	deleterious(0)	benign(0.227)	2/27	-	PIRSF:PIRSF002397	-	ENST00000680887.1:c.1A>T	ENSP00000505508.1:p.Met1?	-	-	-	-	-	-	-	-	-	-	-	-	-	-	-	-	-	-	-	-	-	-	-	-	-	-	-	-	-	-	-	1	1	-	-	-	-	-	-
chr13_32316461_C/T	chr13:32316461	T	ENSG00000139618	ENST00000700199	Transcript	non_coding_transcript_exon_variant	125	-	-	-	-	COSV61525409	MODIFIER	-	1	-	SNV	BRCA2	HGNC	HGNC:1101	retained_intron	-	-	-	-	-	-	-	-	-	-	-	-	1	-	-	2/2	-	-	-	ENST00000700199.1:n.125A>T	-	-	-	-	-	-	-	-	-	-	-	-	-	-	-	-	-	-	-	-	-	-	-	-	-	-	-	-	-	-	-	-	1	1	-	-	-	-	-	-
chr13_32316461_C/T	chr13:32316461	T	ENSG00000139618	ENST00000700200	Transcript	non_coding_transcript_exon_variant	125	-	-	-	-	COSV61525409	MODIFIER	-	1	-	SNV	BRCA2	HGNC	HGNC:1101	retained_intron	-	-	-	-	-	-	-	-	-	-	-	-	1	-	-	2/6	-	-	-	ENST00000700200.1:n.125A>T	-	-	-	-	-	-	-	-	-	-	-	-	-	-	-	-	-	-	-	-	-	-	-	-	-	-	-	-	-	-	-	-	1	1	-	-	-	-	-	-
chr13_32316461_C/T	chr13:32316461	T	ENSG00000139618	ENST00000700201	Transcript	start_lost,NMD_transcript_variant	123	1	1	M/L	Atg/Ttg	COSV61525409	HIGH	-	1	-	SNV	BRCA2	HGNC	HGNC:1101	nonsense_mediated_decay	-	-	-	-	-	-	-	ENSP00000514855	-	A0A8V8TQQ4.13	UPI0020AFDD7C	-	1	deleterious(0)	probably_damaging(0.967)	2/11	-	-	-	ENST00000700201.1:c.1A>T	ENSP00000514855.1:p.Met1?	-	-	-	-	-	-	-	-	-	-	-	-	-	-	-	-	-	-	-	-	-	-	-	-	-	-	-	-	-	-	-	1	1	-	-	-	-	-	-
chr13_32316461_C/T	chr13:32316461	T	ENSG00000139618	ENST00000700202	Transcript	start_lost	200	1	1	M/L	Atg/Ttg	COSV61525409	HIGH	-	1	-	SNV	BRCA2	HGNC	HGNC:1101	protein_coding	-	-	-	-	-	A2	-	ENSP00000514856	-	A0A8V8TPZ2.13	UPI00201AF897	-	1	deleterious(0)	benign(0.227)	2/27	-	PIRSF:PIRSF002397	-	ENST00000700202.2:c.1A>T	ENSP00000514856.2:p.Met1?	-	-	-	-	-	-	-	-	-	-	-	-	-	-	-	-	-	-	-	-	-	-	-	-	-	-	-	-	-	-	-	1	1	-	-	-	-	-	-
chr13_32316461_C/T	chr13:32316461	T	ENSG00000139618	ENST00000713677	Transcript	start_lost,NMD_transcript_variant	212	1	1	M/L	Atg/Ttg	COSV61525409	HIGH	-	1	-	SNV	BRCA2	HGNC	HGNC:1101	nonsense_mediated_decay	-	-	-	-	-	-	-	ENSP00000518980	-	A0AAQ5BGQ6.3	UPI0032CE86DD	-	1	deleterious_low_confidence(0)	-	2/27	-	-	-	ENST00000713677.1:c.1A>T	ENSP00000518980.1:p.Met1?	-	-	-	-	-	-	-	-	-	-	-	-	-	-	-	-	-	-	-	-	-	-	-	-	-	-	-	-	-	-	-	1	1	-	-	-	-	-	-
chr13_32316461_C/T	chr13:32316461	T	ENSG00000139618	ENST00000713678	Transcript	start_lost	212	1	1	M/L	Atg/Ttg	COSV61525409	HIGH	-	1	-	SNV	BRCA2	HGNC	HGNC:1101	protein_coding	-	-	-	-	-	A2	-	ENSP00000518981	-	A0AAQ5BGN0.3	UPI0032D0AB6E	-	1	deleterious(0)	-	2/27	-	PIRSF:PIRSF002397	-	ENST00000713678.1:c.1A>T	ENSP00000518981.1:p.Met1?	-	-	-	-	-	-	-	-	-	-	-	-	-	-	-	-	-	-	-	-	-	-	-	-	-	-	-	-	-	-	-	1	1	-	-	-	-	-	-
chr13_32316461_C/T	chr13:32316461	T	ENSG00000139618	ENST00000713679	Transcript	start_lost,NMD_transcript_variant	200	1	1	M/L	Atg/Ttg	COSV61525409	HIGH	-	1	-	SNV	BRCA2	HGNC	HGNC:1101	nonsense_mediated_decay	-	-	-	-	-	-	-	ENSP00000518982	-	A0AAQ5BGN4.3	UPI0032C5B310	-	1	deleterious(0)	-	2/25	-	-	-	ENST00000713679.1:c.1A>T	ENSP00000518982.1:p.Met1?	-	-	-	-	-	-	-	-	-	-	-	-	-	-	-	-	-	-	-	-	-	-	-	-	-	-	-	-	-	-	-	1	1	-	-	-	-	-	-
chr13_32316461_C/T	chr13:32316461	T	ENSG00000139618	ENST00000713680	Transcript	start_lost	200	1	1	M/L	Atg/Ttg	COSV61525409	HIGH	-	1	-	SNV	BRCA2	HGNC	HGNC:1101	protein_coding	-	-	-	-	-	-	-	ENSP00000518983	-	A0AAQ5BGN2.3	UPI0032C81570	-	1	deleterious(0)	-	2/26	-	PIRSF:PIRSF002397	-	ENST00000713680.1:c.1A>T	ENSP00000518983.1:p.Met1?	-	-	-	-	-	-	-	-	-	-	-	-	-	-	-	-	-	-	-	-	-	-	-	-	-	-	-	-	-	-	-	1	1	-	-	-	-	-	-
